parent_category,parent_subject_id,parent_title,parent_url,row_number,title,last_updated,url,extracted_at
Statistik Demografi dan Sosial,519,Kependudukan dan Migrasi,https://medankota.bps.go.id/id/statistics-table?subject=519,1,"Rasio Jenis Kelamin Penduduk Kota Medan Menurut Kecamatan (Persen), 2001 - 2024",7 Juli 2025,https://medankota.bps.go.id/id/statistics-table?subject=519#row-1,2025-08-26T13:11:56.436551
Statistik Demografi dan Sosial,519,Kependudukan dan Migrasi,https://medankota.bps.go.id/id/statistics-table?subject=519,2,"Rasio Jenis Kelamin Kota Medan Menurut Kecamatan, 2022 - 2024",6 Juli 2025,https://medankota.bps.go.id/id/statistics-table?subject=519#row-2,2025-08-26T13:11:56.601632
Statistik Demografi dan Sosial,519,Kependudukan dan Migrasi,https://medankota.bps.go.id/id/statistics-table?subject=519,3,"Jumlah Penduduk Kota Medan Menurut Kelompok Umur dan Jenis Kelamin (Jiwa), 2010 - 2024",6 Juli 2025,https://medankota.bps.go.id/id/statistics-table?subject=519#row-3,2025-08-26T13:11:56.739187
Statistik Demografi dan Sosial,519,Kependudukan dan Migrasi,https://medankota.bps.go.id/id/statistics-table?subject=519,4,"Distribusi Persentase Penduduk Menurut Kecamatan (Persen), 2001 - 2024",6 Juli 2025,https://medankota.bps.go.id/id/statistics-table?subject=519#row-4,2025-08-26T13:11:56.893742
Statistik Demografi dan Sosial,519,Kependudukan dan Migrasi,https://medankota.bps.go.id/id/statistics-table?subject=519,5,"Jumlah Penduduk Kota Medan Menurut Kecamatan dan Jenis Kelamin (Jiwa), 2001 - 2024",6 Juli 2025,https://medankota.bps.go.id/id/statistics-table?subject=519#row-5,2025-08-26T13:11:57.162634
Statistik Demografi dan Sosial,519,Kependudukan dan Migrasi,https://medankota.bps.go.id/id/statistics-table?subject=519,6,"Umur Harapan Hidup Hasil Long Form SP2020, 2020 - 2024",3 Desember 2024,https://medankota.bps.go.id/id/statistics-table?subject=519#row-6,2025-08-26T13:11:57.314606
Statistik Demografi dan Sosial,519,Kependudukan dan Migrasi,https://medankota.bps.go.id/id/statistics-table?subject=519,7,"Indeks Pembangunan Manusia (Hasil Long Form SP2020), 2020 - 2024",3 Desember 2024,https://medankota.bps.go.id/id/statistics-table?subject=519#row-7,2025-08-26T13:11:57.478827
Statistik Demografi dan Sosial,519,Kependudukan dan Migrasi,https://medankota.bps.go.id/id/statistics-table?subject=519,8,"Angka Harapan Hidup (AHH) Menurut Jenis Kelamin Kota Medan, 2010 - 2022",8 Oktober 2023,https://medankota.bps.go.id/id/statistics-table?subject=519#row-8,2025-08-26T13:11:57.603162
Statistik Demografi dan Sosial,519,Kependudukan dan Migrasi,https://medankota.bps.go.id/id/statistics-table?subject=519,9,"Jumlah Penduduk dan Rumah Tangga menurut Kabupaten/Kota di Provinsi Sumatera Utara, 2015",14 November 2019,https://medankota.bps.go.id/id/statistics-table?subject=519#row-9,2025-08-26T13:11:57.642986
Statistik Demografi dan Sosial,519,Kependudukan dan Migrasi,https://medankota.bps.go.id/id/statistics-table?subject=519,10,"Luas Wilayah, Jumlah Penduduk dan Kepadatan Penduduk Menurut Kecamatan Tahun 2018",13 November 2019,https://medankota.bps.go.id/id/statistics-table?subject=519#row-10,2025-08-26T13:11:57.759237
Statistik Demografi dan Sosial,519,Kependudukan dan Migrasi,https://medankota.bps.go.id/id/statistics-table?subject=519,11,"Jumlah Penduduk dan Laju Pertumbuhan Penduduk Menurut Kecamatan di Kota Medan, 2010, 2014, dan 2015",23 Agustus 2018,https://medankota.bps.go.id/id/statistics-table?subject=519#row-11,2025-08-26T13:11:57.795595
Statistik Demografi dan Sosial,519,Kependudukan dan Migrasi,https://medankota.bps.go.id/id/statistics-table?subject=519,12,"Luas Wilayah, Jumlah Penduduk, dan Kepadatan Penduduk Menurut Kabupaten/Kota di Provinsi Sumatera Utara, 2015",18 Januari 2017,https://medankota.bps.go.id/id/statistics-table?subject=519#row-12,2025-08-26T13:11:57.908543
Statistik Demografi dan Sosial,519,Kependudukan dan Migrasi,https://medankota.bps.go.id/id/statistics-table?subject=519,13,"Penduduk Menurut Kelompok Umur dan Jenis Kelamin (Jiwa), 2013",27 Mei 2015,https://medankota.bps.go.id/id/statistics-table?subject=519#row-13,2025-08-26T13:11:58.020437
Statistik Demografi dan Sosial,519,Kependudukan dan Migrasi,https://medankota.bps.go.id/id/statistics-table?subject=519,14,Inflasi Tahunan (Y-on-Y) Kota Medan (2022=100) (Persen) (Persen),-,https://medankota.bps.go.id/id/statistics-table?subject=519#row-14,2025-08-26T13:11:58.061747
Statistik Demografi dan Sosial,519,Kependudukan dan Migrasi,https://medankota.bps.go.id/id/statistics-table?subject=519,15,"Jumlah Rumah Tangga Menurut Kecamatan (Rumah Tangga), 2016 - 2019",-,https://medankota.bps.go.id/id/statistics-table?subject=519#row-15,2025-08-26T13:11:58.091020
Statistik Demografi dan Sosial,520,Tenaga Kerja,https://medankota.bps.go.id/id/statistics-table?subject=520,1,"Tingkat Pengangguran Terbuka (Persen), 1990 - 2024",9 Juli 2025,https://medankota.bps.go.id/id/statistics-table?subject=520#row-1,2025-08-26T13:12:07.661979
Statistik Demografi dan Sosial,520,Tenaga Kerja,https://medankota.bps.go.id/id/statistics-table?subject=520,2,"Tingkat Pengangguran Terbuka (TPT), 2014 - 2024",7 Juli 2025,https://medankota.bps.go.id/id/statistics-table?subject=520#row-2,2025-08-26T13:12:07.787323
Statistik Demografi dan Sosial,520,Tenaga Kerja,https://medankota.bps.go.id/id/statistics-table?subject=520,3,"Tingkat Partisipasi Angkatan Kerja (TPAK), 2014 - 2024",7 Juli 2025,https://medankota.bps.go.id/id/statistics-table?subject=520#row-3,2025-08-26T13:12:07.823756
Statistik Demografi dan Sosial,520,Tenaga Kerja,https://medankota.bps.go.id/id/statistics-table?subject=520,4,"Penduduk Berumur 15 Tahun ke Atas yang Bekerja Selama Seminggu yang Lalu Menurut Lapangan Pekerjaan Utama , 2020 - 2024",7 Juli 2025,https://medankota.bps.go.id/id/statistics-table?subject=520#row-4,2025-08-26T13:12:07.940776
Statistik Demografi dan Sosial,520,Tenaga Kerja,https://medankota.bps.go.id/id/statistics-table?subject=520,5,"Banyaknya Perusahaan, Tenaga Kerja, Pengeluaran untuk Tenaga Kerja Industri Besar-Sedang Kota Medan Menurut Kecamatan Tahun 2010 – 2015",14 November 2019,https://medankota.bps.go.id/id/statistics-table?subject=520#row-5,2025-08-26T13:12:07.979828
Statistik Demografi dan Sosial,520,Tenaga Kerja,https://medankota.bps.go.id/id/statistics-table?subject=520,6,Jumlah Rumah Tangga Budi Daya Perikanan Menurut Jenisnya (rt) Tahun 2009 – 2015,18 Januari 2017,https://medankota.bps.go.id/id/statistics-table?subject=520#row-6,2025-08-26T13:12:08.235786
Statistik Demografi dan Sosial,520,Tenaga Kerja,https://medankota.bps.go.id/id/statistics-table?subject=520,7,"Jumlah Rumah Tangga Perikanan Tangkap Menurut Kecamatan dan Subsektor di Kota Medan, 2014 dan 2015",18 Januari 2017,https://medankota.bps.go.id/id/statistics-table?subject=520#row-7,2025-08-26T13:12:08.322962
Statistik Demografi dan Sosial,520,Tenaga Kerja,https://medankota.bps.go.id/id/statistics-table?subject=520,8,Perbandingan Banyaknya Perusahaan dan Tenaga Kerja Industri Besar Sedang Kota Medan dan Provinsi Sumatera Utara Dirinci Menurut Kecamatan Tahun 2010-2015,16 Januari 2017,https://medankota.bps.go.id/id/statistics-table?subject=520#row-8,2025-08-26T13:12:08.528410
Statistik Demografi dan Sosial,520,Tenaga Kerja,https://medankota.bps.go.id/id/statistics-table?subject=520,9,"Penduduk Berumur 15 Tahun Ke Atas yang Bekerja Selama Seminggu yang Lalu Menurut Kelompok Umur dan Jenis Kelamin, 2013",8 September 2015,https://medankota.bps.go.id/id/statistics-table?subject=520#row-9,2025-08-26T13:12:08.678333
Statistik Demografi dan Sosial,520,Tenaga Kerja,https://medankota.bps.go.id/id/statistics-table?subject=520,10,"Penduduk Berumur 15 Tahun keatas Yang Termasuk Angkatan Kerja Menurut Pendidikan Tertinggi Yang Ditamatkan dan Jenis Kelamin, 2013",8 September 2015,https://medankota.bps.go.id/id/statistics-table?subject=520#row-10,2025-08-26T13:12:08.835482
Statistik Demografi dan Sosial,520,Tenaga Kerja,https://medankota.bps.go.id/id/statistics-table?subject=520,11,"Angkatan Kerja (Jiwa), 2012 - 2018",-,https://medankota.bps.go.id/id/statistics-table?subject=520#row-11,2025-08-26T13:12:08.965138
Statistik Demografi dan Sosial,520,Tenaga Kerja,https://medankota.bps.go.id/id/statistics-table?subject=520,12,"Jumlah Pencari Kerja Menurut Jenis Kelamin dan Tingkat Pendidikan Tertinggi (Jiwa), 2015 - 2018",-,https://medankota.bps.go.id/id/statistics-table?subject=520#row-12,2025-08-26T13:12:08.997520
Statistik Demografi dan Sosial,521,Pendidikan,https://medankota.bps.go.id/id/statistics-table?subject=521,1,"Angka Partisipasi Kasar (APK) Kota Medan, 2020 - 2024",9 Juli 2025,https://medankota.bps.go.id/id/statistics-table?subject=521#row-1,2025-08-26T13:12:18.309600
Statistik Demografi dan Sosial,521,Pendidikan,https://medankota.bps.go.id/id/statistics-table?subject=521,2,"Angka Partisipasi Murni (APM) Kota Medan, 2020 - 2024",9 Juli 2025,https://medankota.bps.go.id/id/statistics-table?subject=521#row-2,2025-08-26T13:12:18.354172
Statistik Demografi dan Sosial,521,Pendidikan,https://medankota.bps.go.id/id/statistics-table?subject=521,3,"Angka Partisipasi Kasar (APK) Kota Medan, 2020 - 2024",9 Juli 2025,https://medankota.bps.go.id/id/statistics-table?subject=521#row-3,2025-08-26T13:12:18.484150
Statistik Demografi dan Sosial,521,Pendidikan,https://medankota.bps.go.id/id/statistics-table?subject=521,4,"Jumlah Sekolah, Guru, dan Murid Madrasah Ibtidaiyah (MI) di Bawah Kementerian Agama Menurut Kecamatan di Kota Medan, 2017 - 2023",25 Februari 2025,https://medankota.bps.go.id/id/statistics-table?subject=521#row-4,2025-08-26T13:12:18.545891
Statistik Demografi dan Sosial,521,Pendidikan,https://medankota.bps.go.id/id/statistics-table?subject=521,5,"Jumlah Desa1/Kelurahan yang Memiliki Fasilitas Sekolah Menurut Kecamatan dan Tingkat Pendidikan di Kota Medan, 2011 - 2024",7 Februari 2025,https://medankota.bps.go.id/id/statistics-table?subject=521#row-5,2025-08-26T13:12:18.630175
Statistik Demografi dan Sosial,521,Pendidikan,https://medankota.bps.go.id/id/statistics-table?subject=521,6,"Jumlah Sekolah, Guru, dan Murid Sekolah Menengah Kejuruan (SMK) di Bawah Kementerian Pendidikan, Kebudayaan, Riset, dan Teknologi Menurut Kecamatan di Kota Medan, 2016 - 2024",5 Februari 2025,https://medankota.bps.go.id/id/statistics-table?subject=521#row-6,2025-08-26T13:12:18.679970
Statistik Demografi dan Sosial,521,Pendidikan,https://medankota.bps.go.id/id/statistics-table?subject=521,7,"Jumlah Sekolah, Guru, dan Murid Sekolah Menengah Atas (SMA) di Bawah Kementerian Pendidikan, Kebudayaan, Riset, dan Teknologi Menurut Kecamatan di Kota Medan, 2016 - 2024",5 Februari 2025,https://medankota.bps.go.id/id/statistics-table?subject=521#row-7,2025-08-26T13:12:18.807960
Statistik Demografi dan Sosial,521,Pendidikan,https://medankota.bps.go.id/id/statistics-table?subject=521,8,"Jumlah Sekolah, Guru, dan Murid Sekolah Menengah Pertama (SMP) di Bawah Kementerian Pendidikan, Kebudayaan, Riset, dan Teknologi Menurut Kecamatan di Kota Medan, 2016 - 2024",5 Februari 2025,https://medankota.bps.go.id/id/statistics-table?subject=521#row-8,2025-08-26T13:12:19.077028
Statistik Demografi dan Sosial,521,Pendidikan,https://medankota.bps.go.id/id/statistics-table?subject=521,9,"Jumlah Sekolah, Guru, dan Murid Sekolah Dasar (SD) di Bawah Kementerian Pendidikan, Kebudayaan, Riset, dan Teknologi Menurut Kecamatan di Kota Medan, 2016 - 2024",5 Februari 2025,https://medankota.bps.go.id/id/statistics-table?subject=521#row-9,2025-08-26T13:12:19.227051
Statistik Demografi dan Sosial,521,Pendidikan,https://medankota.bps.go.id/id/statistics-table?subject=521,10,"Jumlah Sekolah, Guru, dan Murid Taman Kanak-Kanak (TK) di Bawah Kementerian Pendidikan, Kebudayaan, Riset, dan Teknologi Menurut  Menurut Kecamatan di Kota Medan, 2019 - 2024",3 Februari 2025,https://medankota.bps.go.id/id/statistics-table?subject=521#row-10,2025-08-26T13:12:19.500047
Statistik Demografi dan Sosial,521,Pendidikan,https://medankota.bps.go.id/id/statistics-table?subject=521,11,"[Metode Baru] Rata-Rata Lama Sekolah (Tahun), 2010 - 2024",6 Desember 2024,https://medankota.bps.go.id/id/statistics-table?subject=521#row-11,2025-08-26T13:12:19.634610
Statistik Demografi dan Sosial,521,Pendidikan,https://medankota.bps.go.id/id/statistics-table?subject=521,12,"[Metode Baru] Harapan Lama Sekolah (Tahun), 2010 - 2024",6 Desember 2024,https://medankota.bps.go.id/id/statistics-table?subject=521#row-12,2025-08-26T13:12:19.671714
Statistik Demografi dan Sosial,521,Pendidikan,https://medankota.bps.go.id/id/statistics-table?subject=521,13,"Jumlah Sekolah, Guru, dan Murid Raudatul Athfal (RA) di Bawah Kementerian Agama Menurut Kecamatan di Kota Medan, 2017 - 2023",27 Februari 2024,https://medankota.bps.go.id/id/statistics-table?subject=521#row-13,2025-08-26T13:12:19.780263
Statistik Demografi dan Sosial,521,Pendidikan,https://medankota.bps.go.id/id/statistics-table?subject=521,14,"Jumlah Sekolah, Guru, dan Murid Madrasah Aliyah (MA) di Bawah Kementerian Agama Menurut Kecamatan di Kota Medan, 2017 - 2023",15 Februari 2024,https://medankota.bps.go.id/id/statistics-table?subject=521#row-14,2025-08-26T13:12:19.812069
Statistik Demografi dan Sosial,521,Pendidikan,https://medankota.bps.go.id/id/statistics-table?subject=521,15,"Jumlah Sekolah, Guru, dan Murid Madrasah Tsanawiyah (MTs) di Bawah Kementerian Agama Menurut Kecamatan di Kota Medan, 2017 - 2023",15 Februari 2024,https://medankota.bps.go.id/id/statistics-table?subject=521#row-15,2025-08-26T13:12:19.946844
Statistik Demografi dan Sosial,521,Pendidikan,https://medankota.bps.go.id/id/statistics-table?subject=521,16,"Rata-Rata Lama Sekolah (Tahun), 1996 - 2022",4 Juli 2023,https://medankota.bps.go.id/id/statistics-table?subject=521#row-16,2025-08-26T13:12:20.001183
Statistik Demografi dan Sosial,521,Pendidikan,https://medankota.bps.go.id/id/statistics-table?subject=521,17,Banyaknya Mahasiswa Dan Dosen Pada Universitas Sumatera Utara Tahun 2001/2002-2017/2018,15 November 2019,https://medankota.bps.go.id/id/statistics-table?subject=521#row-17,2025-08-26T13:12:20.103007
Statistik Demografi dan Sosial,521,Pendidikan,https://medankota.bps.go.id/id/statistics-table?subject=521,18,"Jumlah Sekolah, Murid, Guru dan Rasio Murid-Guru Raudatul Adfal Menurut Kecamatan, 2015",16 Januari 2017,https://medankota.bps.go.id/id/statistics-table?subject=521#row-18,2025-08-26T13:12:20.199346
Statistik Demografi dan Sosial,521,Pendidikan,https://medankota.bps.go.id/id/statistics-table?subject=521,19,"Jumlah Sekolah, Murid, Guru dan Rasio Murid-Guru Sekolah Menengah Kejuruan Menurut Status Sekolah, 2003-2013",28 September 2015,https://medankota.bps.go.id/id/statistics-table?subject=521#row-19,2025-08-26T13:12:20.262738
Statistik Demografi dan Sosial,521,Pendidikan,https://medankota.bps.go.id/id/statistics-table?subject=521,20,"Jumlah Sekolah, Murid, Guru dan Rasio-Murid-Guru Sekolah Menengah Pertama (SMP) Menurut Status Sekolah, 2003-2013",28 September 2015,https://medankota.bps.go.id/id/statistics-table?subject=521#row-20,2025-08-26T13:12:20.389993
Statistik Demografi dan Sosial,522,Kesehatan,https://medankota.bps.go.id/id/statistics-table?subject=522,1,"Jumlah Desa1/Kelurahan Yang Memiliki Sarana Kesehatan Menurut Kecamatan di Kota Medan, 2011 - 2024",26 Februari 2025,https://medankota.bps.go.id/id/statistics-table?subject=522#row-1,2025-08-26T13:12:29.746159
Statistik Demografi dan Sosial,522,Kesehatan,https://medankota.bps.go.id/id/statistics-table?subject=522,2,"[Metode Baru] Angka Harapan Hidup Saat Lahir (Tahun), 2010 - 2022",4 Juli 2023,https://medankota.bps.go.id/id/statistics-table?subject=522#row-2,2025-08-26T13:12:29.778617
Statistik Demografi dan Sosial,522,Kesehatan,https://medankota.bps.go.id/id/statistics-table?subject=522,3,"Jumlah Bayi Lahir, Bayi Berat Badan Lahir Rendah (BBLR), BBLR Dirujuk, dan Bergizi Buruk di Kota Medan, 2018",16 November 2019,https://medankota.bps.go.id/id/statistics-table?subject=522#row-3,2025-08-26T13:12:29.811637
Statistik Demografi dan Sosial,522,Kesehatan,https://medankota.bps.go.id/id/statistics-table?subject=522,4,"Jumlah Desa/Kelurahan Yang Memiliki Sarana Kesehatan Menurut Kecamatan di Kota Medan, 2018",16 November 2019,https://medankota.bps.go.id/id/statistics-table?subject=522#row-4,2025-08-26T13:12:29.841005
Statistik Demografi dan Sosial,522,Kesehatan,https://medankota.bps.go.id/id/statistics-table?subject=522,5,"Jumlah Fasilitas Kesehatan Menurut Kecamatan di Kota Medan, 2018",16 November 2019,https://medankota.bps.go.id/id/statistics-table?subject=522#row-5,2025-08-26T13:12:29.869294
Statistik Demografi dan Sosial,522,Kesehatan,https://medankota.bps.go.id/id/statistics-table?subject=522,6,Jumlah Penderita Sepuluh Penyakit Terbesar Seluruh Puskesmas Kota Medan Tahun 2018,16 November 2019,https://medankota.bps.go.id/id/statistics-table?subject=522#row-6,2025-08-26T13:12:29.899899
Statistik Demografi dan Sosial,522,Kesehatan,https://medankota.bps.go.id/id/statistics-table?subject=522,7,"Jumlah Tenaga Kesehatan Menurut Kecamatan di Kota Medan, 2018",9 September 2019,https://medankota.bps.go.id/id/statistics-table?subject=522#row-7,2025-08-26T13:12:29.952691
Statistik Demografi dan Sosial,522,Kesehatan,https://medankota.bps.go.id/id/statistics-table?subject=522,8,"Jumlah Rumah Sakit Umum, Rumah Sakit Khusus, Puskesmas, Klinik Pratama, dan Posyandu Menurut Kecamatan di Kota Medan, 2016 - 2018",9 September 2019,https://medankota.bps.go.id/id/statistics-table?subject=522#row-8,2025-08-26T13:12:29.984501
Statistik Demografi dan Sosial,522,Kesehatan,https://medankota.bps.go.id/id/statistics-table?subject=522,9,"Banyaknya Rumah Sakit Menurut Kecamatan, 2003-2013",19 Januari 2018,https://medankota.bps.go.id/id/statistics-table?subject=522#row-9,2025-08-26T13:12:30.011701
Statistik Demografi dan Sosial,522,Kesehatan,https://medankota.bps.go.id/id/statistics-table?subject=522,10,"Perkiraan Angka Harapan Hidup menurut Kabupaten/Kota di Provinsi Sumatera Utara (tahun), 2013–2015",18 Januari 2017,https://medankota.bps.go.id/id/statistics-table?subject=522#row-10,2025-08-26T13:12:30.039509
Statistik Demografi dan Sosial,523,Konsumsi dan Pendapatan,https://medankota.bps.go.id/id/statistics-table?subject=523,1,"Indeks Keparahan Kemiskinan (P2), 2010 - 2024",9 Juli 2025,https://medankota.bps.go.id/id/statistics-table?subject=523#row-1,2025-08-26T13:12:40.623557
Statistik Demografi dan Sosial,523,Konsumsi dan Pendapatan,https://medankota.bps.go.id/id/statistics-table?subject=523,2,"Indeks Kedalaman Kemiskinan (P1), 2010 - 2024",9 Juli 2025,https://medankota.bps.go.id/id/statistics-table?subject=523#row-2,2025-08-26T13:12:40.675341
Statistik Demografi dan Sosial,523,Konsumsi dan Pendapatan,https://medankota.bps.go.id/id/statistics-table?subject=523,3,"Jumlah Penduduk Miskin (Ribu Jiwa), 2010 - 2024",9 Juli 2025,https://medankota.bps.go.id/id/statistics-table?subject=523#row-3,2025-08-26T13:12:40.811076
Statistik Demografi dan Sosial,523,Konsumsi dan Pendapatan,https://medankota.bps.go.id/id/statistics-table?subject=523,4,"Garis Kemiskinan (Rupiah/kapita/bulan) (Rupiah), 2005 - 2024",9 Juli 2025,https://medankota.bps.go.id/id/statistics-table?subject=523#row-4,2025-08-26T13:12:41.077298
Statistik Demografi dan Sosial,523,Konsumsi dan Pendapatan,https://medankota.bps.go.id/id/statistics-table?subject=523,5,"Pengeluaran per Kapita Sebulan Makanan dan Bukan Makanan di Daerah Perkotaan dan Perdesaan (Persen), 2019 - 2024",7 Juli 2025,https://medankota.bps.go.id/id/statistics-table?subject=523#row-5,2025-08-26T13:12:41.401618
Statistik Demografi dan Sosial,523,Konsumsi dan Pendapatan,https://medankota.bps.go.id/id/statistics-table?subject=523,6,"Persentase Pengeluaran per Kapita Sebulan Makanan dan Bukan Makanan di Daerah Perkotaan dan Perdesaan (Persen), 2010 - 2024",7 Juli 2025,https://medankota.bps.go.id/id/statistics-table?subject=523#row-6,2025-08-26T13:12:41.589183
Statistik Demografi dan Sosial,523,Konsumsi dan Pendapatan,https://medankota.bps.go.id/id/statistics-table?subject=523,7,"Pengeluaran Perkapita Disesuaikan (Ribu Rupiah), 1996 - 2022",5 Juli 2023,https://medankota.bps.go.id/id/statistics-table?subject=523#row-7,2025-08-26T13:12:41.863148
Statistik Demografi dan Sosial,523,Konsumsi dan Pendapatan,https://medankota.bps.go.id/id/statistics-table?subject=523,8,"Persentase Penduduk Menurut Golongan Pengeluaran Per Kapita Sebulan di Kota Medan, 2015",18 Januari 2017,https://medankota.bps.go.id/id/statistics-table?subject=523#row-8,2025-08-26T13:12:42.107098
Statistik Demografi dan Sosial,523,Konsumsi dan Pendapatan,https://medankota.bps.go.id/id/statistics-table?subject=523,9,"Rata-rata Pengeluaran dan Persentase Rata-rata Pengeluaran Per Kapita Sebulan Menurut Kelompok Bukan Makanan di Kota Medan, 2015",18 Januari 2017,https://medankota.bps.go.id/id/statistics-table?subject=523#row-9,2025-08-26T13:12:42.309302
Statistik Demografi dan Sosial,523,Konsumsi dan Pendapatan,https://medankota.bps.go.id/id/statistics-table?subject=523,10,"Rata-rata Pengeluaran dan Persentase Rata-rata Pengeluaran Per Kapita Sebulan Menurut Kelompok Makanan di Kota Medan, 2015",18 Januari 2017,https://medankota.bps.go.id/id/statistics-table?subject=523#row-10,2025-08-26T13:12:42.433353
Statistik Demografi dan Sosial,527,Budaya,https://medankota.bps.go.id/id/statistics-table?subject=527,1,Banyaknya Pengunjung Kolam Renang Deli Dan Karcis Yang Terjual Menurut Bulan Tahun 2010-2015,13 November 2019,https://medankota.bps.go.id/id/statistics-table?subject=527#row-1,2025-08-26T13:13:22.185135
Statistik Ekonomi,531,Neraca Ekonomi,https://medankota.bps.go.id/id/statistics-table?subject=531,1,"Distribusi Produk Domestik Regional Bruto Atas Dasar Harga Berlaku Menurut Pengeluaran (Persen), 2010 - 2024",21 Juli 2025,https://medankota.bps.go.id/id/statistics-table?subject=531#row-1,2025-08-26T13:13:58.955046
Statistik Ekonomi,531,Neraca Ekonomi,https://medankota.bps.go.id/id/statistics-table?subject=531,2,"Distribusi Produk Domestik Regional Bruto (PDRB) Triwulanan Menurut Pengeluaran Atas Dasar Harga Berlaku Kota Medan (Persen), 2022 - 2025",16 Juni 2025,https://medankota.bps.go.id/id/statistics-table?subject=531#row-2,2025-08-26T13:13:59.011134
Statistik Ekonomi,531,Neraca Ekonomi,https://medankota.bps.go.id/id/statistics-table?subject=531,3,"Distribusi Produk Domestik Regional Bruto (PDRB) Triwulanan Menurut Lapangan Usaha Atas Dasar Harga Berlaku Kota Medan (Persen), 2022 - 2025",16 Juni 2025,https://medankota.bps.go.id/id/statistics-table?subject=531#row-3,2025-08-26T13:13:59.098033
Statistik Ekonomi,531,Neraca Ekonomi,https://medankota.bps.go.id/id/statistics-table?subject=531,4,"Produk Domestik Regional Bruto (PDRB) Triwulanan Menurut Pengeluaran Atas Dasar Harga Konstan 2010 Kota Medan (Milyar Rupiah), 2022 - 2025",16 Juni 2025,https://medankota.bps.go.id/id/statistics-table?subject=531#row-4,2025-08-26T13:13:59.127045
Statistik Ekonomi,531,Neraca Ekonomi,https://medankota.bps.go.id/id/statistics-table?subject=531,5,"Produk Domestik Regional Bruto (PDRB) Triwulanan Menurut Pengeluaran Atas Dasar Harga Berlaku Kota Medan (Milyar Rupiah), 2022 - 2025",16 Juni 2025,https://medankota.bps.go.id/id/statistics-table?subject=531#row-5,2025-08-26T13:13:59.229032
Statistik Ekonomi,531,Neraca Ekonomi,https://medankota.bps.go.id/id/statistics-table?subject=531,6,"Laju Pertumbuhan (c-to-c) Produk Domestik Regional Bruto (PDRB) Triwulanan Menurut Lapangan Usaha Kota Medan (Persen), 2022 - 2025",16 Juni 2025,https://medankota.bps.go.id/id/statistics-table?subject=531#row-6,2025-08-26T13:13:59.254033
Statistik Ekonomi,531,Neraca Ekonomi,https://medankota.bps.go.id/id/statistics-table?subject=531,7,"Laju Pertumbuhan (y-on-y) Produk Domestik Regional Bruto (PDRB) Triwulanan Menurut Lapangan Usaha Kota Medan (Persen), 2022 - 2025",16 Juni 2025,https://medankota.bps.go.id/id/statistics-table?subject=531#row-7,2025-08-26T13:13:59.294130
Statistik Ekonomi,531,Neraca Ekonomi,https://medankota.bps.go.id/id/statistics-table?subject=531,8,"Laju Pertumbuhan (q-to-q) Produk Domestik Regional Bruto (PDRB) Triwulanan Menurut Lapangan Usaha Kota Medan (Persen), 2022 - 2025",16 Juni 2025,https://medankota.bps.go.id/id/statistics-table?subject=531#row-8,2025-08-26T13:13:59.391033
Statistik Ekonomi,531,Neraca Ekonomi,https://medankota.bps.go.id/id/statistics-table?subject=531,9,"Produk Domestik Regional Bruto (PDRB) Triwulanan Menurut Lapangan Usaha Atas Dasar Harga Konstan Kota Medan (Milyar Rupiah), 2022 - 2025",16 Juni 2025,https://medankota.bps.go.id/id/statistics-table?subject=531#row-9,2025-08-26T13:13:59.418042
Statistik Ekonomi,531,Neraca Ekonomi,https://medankota.bps.go.id/id/statistics-table?subject=531,10,"Produk Domestik Regional Bruto (PDRB) Triwulanan Menurut Lapangan Usaha Atas Dasar Harga Berlaku Kota Medan (Milyar Rupiah), 2022 - 2025",16 Juni 2025,https://medankota.bps.go.id/id/statistics-table?subject=531#row-10,2025-08-26T13:13:59.534044
Statistik Ekonomi,531,Neraca Ekonomi,https://medankota.bps.go.id/id/statistics-table?subject=531,11,"Laju Pertumbuhan (c-to-c) Produk Domestik Regional Bruto (PDRB) Triwulanan Menurut Pengeluaran Kota Medan (Persen), 2022 - 2025",16 Juni 2025,https://medankota.bps.go.id/id/statistics-table?subject=531#row-11,2025-08-26T13:13:59.626041
Statistik Ekonomi,531,Neraca Ekonomi,https://medankota.bps.go.id/id/statistics-table?subject=531,12,"Laju Pertumbuhan (y-on-y) Produk Domestik Regional Bruto (PDRB) Triwulanan Menurut Pengeluaran Kota Medan (Persen), 2022 - 2025",16 Juni 2025,https://medankota.bps.go.id/id/statistics-table?subject=531#row-12,2025-08-26T13:13:59.667042
Statistik Ekonomi,531,Neraca Ekonomi,https://medankota.bps.go.id/id/statistics-table?subject=531,13,"Laju Pertumbuhan (q-to-q) Produk Domestik Regional Bruto (PDRB) Triwulanan Menurut Pengeluaran Kota Medan (Persen), 2022 - 2025",16 Juni 2025,https://medankota.bps.go.id/id/statistics-table?subject=531#row-13,2025-08-26T13:13:59.778033
Statistik Ekonomi,531,Neraca Ekonomi,https://medankota.bps.go.id/id/statistics-table?subject=531,14,"Produk Domestik Regional Bruto Kota Medan Atas Dasar Harga Konstan 2010 Menurut Pengeluaran (Milyar Rupiah), 2010 - 2024",25 Maret 2025,https://medankota.bps.go.id/id/statistics-table?subject=531#row-14,2025-08-26T13:13:59.873065
Statistik Ekonomi,531,Neraca Ekonomi,https://medankota.bps.go.id/id/statistics-table?subject=531,15,"Produk Domestik Regional Bruto Kota Medan Atas Dasar Harga Berlaku Menurut Pengeluaran (Milyar Rupiah), 2010 - 2024",25 Maret 2025,https://medankota.bps.go.id/id/statistics-table?subject=531#row-15,2025-08-26T13:13:59.905077
Statistik Ekonomi,531,Neraca Ekonomi,https://medankota.bps.go.id/id/statistics-table?subject=531,16,"Laju Pertumbuhan Produk Domestik Regional Bruto Atas Dasar Harga Konstan 2010 Menurut Lapangan Usaha di Kota Medan (persen), 2014 - 2024",11 Maret 2025,https://medankota.bps.go.id/id/statistics-table?subject=531#row-16,2025-08-26T13:14:00.007042
Statistik Ekonomi,531,Neraca Ekonomi,https://medankota.bps.go.id/id/statistics-table?subject=531,17,"Distribusi Persentase Produk Domestik Regional Bruto Atas Dasar Harga Berlaku Menurut Lapangan Usaha (persen) di Kota Medan, 2014 - 2024",11 Maret 2025,https://medankota.bps.go.id/id/statistics-table?subject=531#row-17,2025-08-26T13:14:00.126038
Statistik Ekonomi,531,Neraca Ekonomi,https://medankota.bps.go.id/id/statistics-table?subject=531,18,"Produk Domestik Regional Bruto Atas Dasar Harga Konstan 2010 Menurut Lapangan Usaha di Kota Medan (miliar rupiah), 2014 - 2024",11 Maret 2025,https://medankota.bps.go.id/id/statistics-table?subject=531#row-18,2025-08-26T13:14:00.210144
Statistik Ekonomi,531,Neraca Ekonomi,https://medankota.bps.go.id/id/statistics-table?subject=531,19,"Produk Domestik Regional Bruto Atas Dasar Harga Berlaku Menurut Lapangan Usaha  di Kota Medan (miliar rupiah), 2014 - 2024",10 Maret 2025,https://medankota.bps.go.id/id/statistics-table?subject=531#row-19,2025-08-26T13:14:00.265042
Statistik Ekonomi,531,Neraca Ekonomi,https://medankota.bps.go.id/id/statistics-table?subject=531,20,"Laju Pertumbuhan PDRB Atas Dasar Harga Konstan 2010 Menurut Pengeluaran (Persen), 2011 - 2024",28 Februari 2025,https://medankota.bps.go.id/id/statistics-table?subject=531#row-20,2025-08-26T13:14:00.293035
Statistik Ekonomi,534,"Keuangan Pemerintah, Fiskal dan Statistik Sektor Publik",https://medankota.bps.go.id/id/statistics-table?subject=534,3,"Jumlah Pegawai Negeri Sipil Menurut Jabatan dan Jenis Kelamin di Kota Medan, 2017 - 2023",26 Februari 2024,https://medankota.bps.go.id/id/statistics-table?subject=534#row-3,2025-08-26T13:14:29.510918
Statistik Ekonomi,534,"Keuangan Pemerintah, Fiskal dan Statistik Sektor Publik",https://medankota.bps.go.id/id/statistics-table?subject=534,4,"Realisasi Belanja Pemerintah Kota Medan Menurut Jenis Belanja (ribu rupiah), 2012−2015",18 Januari 2017,https://medankota.bps.go.id/id/statistics-table?subject=534#row-4,2025-08-26T13:14:29.660112
Statistik Ekonomi,534,"Keuangan Pemerintah, Fiskal dan Statistik Sektor Publik",https://medankota.bps.go.id/id/statistics-table?subject=534,5,"Realisasi Pendapatan Pemerintah Kota Medan Menurut Jenis Pendapatan (ribu rupiah), 2012−2015",18 Januari 2017,https://medankota.bps.go.id/id/statistics-table?subject=534#row-5,2025-08-26T13:14:29.796713
Statistik Ekonomi,534,"Keuangan Pemerintah, Fiskal dan Statistik Sektor Publik",https://medankota.bps.go.id/id/statistics-table?subject=534,6,Realisasi Penerimaan Pemerintah Kota Medan Tahun 2010-2015,18 Januari 2017,https://medankota.bps.go.id/id/statistics-table?subject=534#row-6,2025-08-26T13:14:30.162210
Statistik Ekonomi,534,"Keuangan Pemerintah, Fiskal dan Statistik Sektor Publik",https://medankota.bps.go.id/id/statistics-table?subject=534,7,Realisasi Pengeluaran APBD Pemerintah Kota Medan Tahun 2010 – 2015,18 Januari 2017,https://medankota.bps.go.id/id/statistics-table?subject=534#row-7,2025-08-26T13:14:30.199078
Statistik Ekonomi,534,"Keuangan Pemerintah, Fiskal dan Statistik Sektor Publik",https://medankota.bps.go.id/id/statistics-table?subject=534,8,Rencana dan Realisasi Penerimaan Pemerintah Kota Medan Menurut Urusan Pemerintahan Tahun 2010-2015,18 Januari 2017,https://medankota.bps.go.id/id/statistics-table?subject=534#row-8,2025-08-26T13:14:30.309050
Statistik Ekonomi,534,"Keuangan Pemerintah, Fiskal dan Statistik Sektor Publik",https://medankota.bps.go.id/id/statistics-table?subject=534,9,Rencana dan Realisasi Penerimaan Pemerintah Kota Medan Tahun 2005 – 2015,18 Januari 2017,https://medankota.bps.go.id/id/statistics-table?subject=534#row-9,2025-08-26T13:14:30.418847
Statistik Ekonomi,534,"Keuangan Pemerintah, Fiskal dan Statistik Sektor Publik",https://medankota.bps.go.id/id/statistics-table?subject=534,10,Rencana dan Realisasi Pengeluaran Pemerintah Kota Medan Tahun 2005 – 2015,18 Januari 2017,https://medankota.bps.go.id/id/statistics-table?subject=534#row-10,2025-08-26T13:14:30.481999
Statistik Ekonomi,536,Harga-Harga,https://medankota.bps.go.id/id/statistics-table?subject=536,1,"Indeks Harga Konsumen Kota Medan, 2019 - 2024",9 Januari 2025,https://medankota.bps.go.id/id/statistics-table?subject=536#row-1,2025-08-26T13:14:50.637787
Statistik Ekonomi,536,Harga-Harga,https://medankota.bps.go.id/id/statistics-table?subject=536,2,"Inflasi Bulanan Kota Medan, 2014 - 2024",14 Agustus 2024,https://medankota.bps.go.id/id/statistics-table?subject=536#row-2,2025-08-26T13:14:50.764884
Statistik Ekonomi,536,Harga-Harga,https://medankota.bps.go.id/id/statistics-table?subject=536,3,"Inflasi di Beberapa Kota di Sumatera Utara (Persen), 1998 - 2023",7 Maret 2024,https://medankota.bps.go.id/id/statistics-table?subject=536#row-3,2025-08-26T13:14:50.818542
Statistik Ekonomi,536,Harga-Harga,https://medankota.bps.go.id/id/statistics-table?subject=536,4,"Indeks Harga Konsumen di Beberapa Kota Inflasi di Sumatera Utara, 2019 - 2023",7 Maret 2024,https://medankota.bps.go.id/id/statistics-table?subject=536#row-4,2025-08-26T13:14:50.940051
Statistik Ekonomi,536,Harga-Harga,https://medankota.bps.go.id/id/statistics-table?subject=536,5,"Indeks Harga Konsumen (IHK) Menurut Kelompok Barang dan Jasa Inflasi, 2008 - 2019",-,https://medankota.bps.go.id/id/statistics-table?subject=536#row-5,2025-08-26T13:14:50.994854
Statistik Ekonomi,536,Harga-Harga,https://medankota.bps.go.id/id/statistics-table?subject=536,6,Inflasi Bulanan (M-to-M) Kota Medan (2022=100) (Persen),-,https://medankota.bps.go.id/id/statistics-table?subject=536#row-6,2025-08-26T13:14:51.151693
Statistik Ekonomi,536,Harga-Harga,https://medankota.bps.go.id/id/statistics-table?subject=536,7,"Inflasi (Kelompok Pengeluaran) (Persen), 2010 - 2019",-,https://medankota.bps.go.id/id/statistics-table?subject=536#row-7,2025-08-26T13:14:51.224359
Statistik Ekonomi,536,Harga-Harga,https://medankota.bps.go.id/id/statistics-table?subject=536,8,"Inflasi Tahun Kalender (2018=100) Menurut Kelompok dan Sub Kelompok 01 Makanan, Minuman dan Tembakau (Persen)",-,https://medankota.bps.go.id/id/statistics-table?subject=536#row-8,2025-08-26T13:14:51.411526
Statistik Ekonomi,536,Harga-Harga,https://medankota.bps.go.id/id/statistics-table?subject=536,9,"Perkembangan Inflasi (Persen), 2011 - 2019",-,https://medankota.bps.go.id/id/statistics-table?subject=536#row-9,2025-08-26T13:14:51.564811
Statistik Ekonomi,536,Harga-Harga,https://medankota.bps.go.id/id/statistics-table?subject=536,10,Tingkat Inflasi Harga Konsumen Kota Medan Tahun Kalender (Y-to-D) (Persen),-,https://medankota.bps.go.id/id/statistics-table?subject=536#row-10,2025-08-26T13:14:51.732101
Statistik Ekonomi,557,"Pertanian, Kehutanan, Perikanan",https://medankota.bps.go.id/id/statistics-table?subject=557,1,"Produksi Tanaman Buah–Buahan dan Sayuran Tahunan Menurut Jenis Tanaman di Kota Medan, 2018 - 2024",10 Juni 2025,https://medankota.bps.go.id/id/statistics-table?subject=557#row-1,2025-08-26T13:15:21.365214
Statistik Ekonomi,557,"Pertanian, Kehutanan, Perikanan",https://medankota.bps.go.id/id/statistics-table?subject=557,2,"Produksi Tanaman Buah-buahan dan Sayuran Tahunan Menurut Kecamatan dan Jenis Tanaman di Kota Medan, 2018 - 2024",10 Juni 2025,https://medankota.bps.go.id/id/statistics-table?subject=557#row-2,2025-08-26T13:15:21.414754
Statistik Ekonomi,557,"Pertanian, Kehutanan, Perikanan",https://medankota.bps.go.id/id/statistics-table?subject=557,3,"Produksi Tanaman Hias Menurut  Jenis Tanaman di Kota Medan, 2018 - 2024",10 Juni 2025,https://medankota.bps.go.id/id/statistics-table?subject=557#row-3,2025-08-26T13:15:21.462408
Statistik Ekonomi,557,"Pertanian, Kehutanan, Perikanan",https://medankota.bps.go.id/id/statistics-table?subject=557,4,"Luas Panen Tanaman Hias Menurut Jenis Tanaman di Kota Medan, 2018 - 2024",10 Juni 2025,https://medankota.bps.go.id/id/statistics-table?subject=557#row-4,2025-08-26T13:15:21.517131
Statistik Ekonomi,557,"Pertanian, Kehutanan, Perikanan",https://medankota.bps.go.id/id/statistics-table?subject=557,5,"Produksi Tanaman Hias Menurut Kecamatan dan Jenis Tanaman  di Kota Medan, 2018 - 2024",10 Juni 2025,https://medankota.bps.go.id/id/statistics-table?subject=557#row-5,2025-08-26T13:15:21.562970
Statistik Ekonomi,557,"Pertanian, Kehutanan, Perikanan",https://medankota.bps.go.id/id/statistics-table?subject=557,6,"Luas Panen Tanaman Hias Menurut Kecamatan dan Jenis Tanaman di Kota Medan, 2018 - 2024",10 Juni 2025,https://medankota.bps.go.id/id/statistics-table?subject=557#row-6,2025-08-26T13:15:21.606568
Statistik Ekonomi,557,"Pertanian, Kehutanan, Perikanan",https://medankota.bps.go.id/id/statistics-table?subject=557,7,"Produksi Tanaman Biofarmaka Menurut Jenis Tanaman di Kota Medan, 2018 - 2024",10 Juni 2025,https://medankota.bps.go.id/id/statistics-table?subject=557#row-7,2025-08-26T13:15:21.651919
Statistik Ekonomi,557,"Pertanian, Kehutanan, Perikanan",https://medankota.bps.go.id/id/statistics-table?subject=557,8,"Luas Panen Tanaman Biofarmaka Menurut Jenis Tanaman  di Kota Medan, 2018 - 2024",10 Juni 2025,https://medankota.bps.go.id/id/statistics-table?subject=557#row-8,2025-08-26T13:15:21.697129
Statistik Ekonomi,557,"Pertanian, Kehutanan, Perikanan",https://medankota.bps.go.id/id/statistics-table?subject=557,9,"Produksi Tanaman Biofarmaka Menurut Kecamatan dan Jenis Tanaman  di Kota Medan, 2018 - 2024",10 Juni 2025,https://medankota.bps.go.id/id/statistics-table?subject=557#row-9,2025-08-26T13:15:21.744951
Statistik Ekonomi,557,"Pertanian, Kehutanan, Perikanan",https://medankota.bps.go.id/id/statistics-table?subject=557,10,"Luas Panen Tanaman Biofarmaka Menurut Kecamatan dan Jenis Tanaman  di Kota Medan, 2018 - 2024",10 Juni 2025,https://medankota.bps.go.id/id/statistics-table?subject=557#row-10,2025-08-26T13:15:21.789169
Statistik Ekonomi,557,"Pertanian, Kehutanan, Perikanan",https://medankota.bps.go.id/id/statistics-table?subject=557,11,"Produksi Tanaman Sayuran dan Buah–Buahan Semusim Menurut Jenis Tanaman di Kota Medan, 2018 - 2024",10 Juni 2025,https://medankota.bps.go.id/id/statistics-table?subject=557#row-11,2025-08-26T13:15:21.840134
Statistik Ekonomi,557,"Pertanian, Kehutanan, Perikanan",https://medankota.bps.go.id/id/statistics-table?subject=557,12,"Luas Panen Tanaman Sayuran dan Buah–Buahan Semusim Menurut Jenis Tanaman di Kota Medan, 2018 - 2024",10 Juni 2025,https://medankota.bps.go.id/id/statistics-table?subject=557#row-12,2025-08-26T13:15:21.894426
Statistik Ekonomi,557,"Pertanian, Kehutanan, Perikanan",https://medankota.bps.go.id/id/statistics-table?subject=557,13,"Produksi Tanaman Sayuran dan Buah-Buahan Semusim Menurut Kecamatan dan Jenis Tanaman  di Kota Medan, 2018 - 2024",10 Juni 2025,https://medankota.bps.go.id/id/statistics-table?subject=557#row-13,2025-08-26T13:15:21.944910
Statistik Ekonomi,557,"Pertanian, Kehutanan, Perikanan",https://medankota.bps.go.id/id/statistics-table?subject=557,14,"Luas Panen Tanaman Sayuran dan Buah-Buahan Semusim Menurut Kecamatan dan Jenis Tanaman di Kota Medan, 2018 - 2024",10 Juni 2025,https://medankota.bps.go.id/id/statistics-table?subject=557#row-14,2025-08-26T13:15:22.010746
Statistik Ekonomi,557,"Pertanian, Kehutanan, Perikanan",https://medankota.bps.go.id/id/statistics-table?subject=557,15,"Produksi Perkebunan Menurut Kecamatan dan Jenis Tanaman di Kota Medan (ribu ton), 2014 - 2018",9 September 2019,https://medankota.bps.go.id/id/statistics-table?subject=557#row-15,2025-08-26T13:15:22.103591
Statistik Ekonomi,557,"Pertanian, Kehutanan, Perikanan",https://medankota.bps.go.id/id/statistics-table?subject=557,16,"Luas Areal Tanaman Perkebunan Menurut Kecamatan dan Jenis Tanaman di Kota Medan (ribu ha), 2014 - 2018",9 September 2019,https://medankota.bps.go.id/id/statistics-table?subject=557#row-16,2025-08-26T13:15:22.242131
Statistik Ekonomi,557,"Pertanian, Kehutanan, Perikanan",https://medankota.bps.go.id/id/statistics-table?subject=557,17,Jumlah Nelayan Menurut Kategori Tahun 2009 – 2015,18 Januari 2017,https://medankota.bps.go.id/id/statistics-table?subject=557#row-17,2025-08-26T13:15:22.329593
Statistik Ekonomi,557,"Pertanian, Kehutanan, Perikanan",https://medankota.bps.go.id/id/statistics-table?subject=557,18,"Jumlah Perahu/Kapal Menurut Kecamatan dan Jenis Kapal di Kota Medan, 2015",18 Januari 2017,https://medankota.bps.go.id/id/statistics-table?subject=557#row-18,2025-08-26T13:15:22.415254
Statistik Ekonomi,557,"Pertanian, Kehutanan, Perikanan",https://medankota.bps.go.id/id/statistics-table?subject=557,19,Jumlah Perahu Penangkap Ikan Laut Menurut Kategori Tahun 2009 – 2015,18 Januari 2017,https://medankota.bps.go.id/id/statistics-table?subject=557#row-19,2025-08-26T13:15:22.540397
Statistik Ekonomi,557,"Pertanian, Kehutanan, Perikanan",https://medankota.bps.go.id/id/statistics-table?subject=557,20,"Jumlah Rumah Tangga Perikanan Budidaya Menurut Kecamatan dan Jenis Budidaya di Kota Medan, 2015",18 Januari 2017,https://medankota.bps.go.id/id/statistics-table?subject=557#row-20,2025-08-26T13:15:22.672767
Statistik Ekonomi,558,Energi,https://medankota.bps.go.id/id/statistics-table?subject=558,1,Banyaknya Pelanggan Listrik Cabang Medan (Kumulatif)Tahun 2013 -2018,15 Desember 2019,https://medankota.bps.go.id/id/statistics-table?subject=558#row-1,2025-08-26T13:15:32.703639
Statistik Ekonomi,558,Energi,https://medankota.bps.go.id/id/statistics-table?subject=558,2,"Daya Terpasang, Produksi, dan Distribusi Listrik PT. PLN (Persero) pada Cabang/Ranting PLN di Kota Medan, 2011‒2015",15 Desember 2019,https://medankota.bps.go.id/id/statistics-table?subject=558#row-2,2025-08-26T13:15:32.847048
Statistik Ekonomi,558,Energi,https://medankota.bps.go.id/id/statistics-table?subject=558,3,"Daya Terpasang, Produksi, dan Distribusi Listrik PT. PLN (Persero) pada Cabang/Ranting PLN di Kota Medan, 2014‒2018",15 Desember 2019,https://medankota.bps.go.id/id/statistics-table?subject=558#row-3,2025-08-26T13:15:32.940415
Statistik Ekonomi,558,Energi,https://medankota.bps.go.id/id/statistics-table?subject=558,4,Banyaknya Penjualan Energi (MWH) Cabang Medan Tahun 2010 – 2015,14 November 2019,https://medankota.bps.go.id/id/statistics-table?subject=558#row-4,2025-08-26T13:15:33.038760
Statistik Ekonomi,558,Energi,https://medankota.bps.go.id/id/statistics-table?subject=558,5,Banyaknya KVA Pelanggan Listrik Cabang Medan Tahun 2010-2015,13 November 2019,https://medankota.bps.go.id/id/statistics-table?subject=558#row-5,2025-08-26T13:15:33.175727
Statistik Ekonomi,558,Energi,https://medankota.bps.go.id/id/statistics-table?subject=558,6,Banyaknya Pelanggan Listrik Cabang Medan Tahun 2010-2015,13 November 2019,https://medankota.bps.go.id/id/statistics-table?subject=558#row-6,2025-08-26T13:15:33.225787
Statistik Ekonomi,558,Energi,https://medankota.bps.go.id/id/statistics-table?subject=558,7,"Daya Terpasang, Produksi, dan Distribusi Listrik PT. PLN (Persero) pada Cabang/Ranting PLN di Kota Medan, 2011‒2015",17 Januari 2017,https://medankota.bps.go.id/id/statistics-table?subject=558#row-7,2025-08-26T13:15:33.382755
Statistik Ekonomi,558,Energi,https://medankota.bps.go.id/id/statistics-table?subject=558,8,"Jumlah Pelanggan Listrik Menurut Kecamatan di Kota Medan, 2011‒2015",17 Januari 2017,https://medankota.bps.go.id/id/statistics-table?subject=558#row-8,2025-08-26T13:15:33.552906
Statistik Ekonomi,558,Energi,https://medankota.bps.go.id/id/statistics-table?subject=558,9,"Daya Terpasang, Produksi, dan Distribusi Listrik PT. PLN (Persero) Cabang Medan",-,https://medankota.bps.go.id/id/statistics-table?subject=558#row-9,2025-08-26T13:15:33.731894
Statistik Ekonomi,559,"Pertambangan, Manufaktur, Konstruksi",https://medankota.bps.go.id/id/statistics-table?subject=559,1,Nilai Input Industri Besar Sedang Kota Medan Dirinci Menurut Kecamatan Tahun 2010 – 2015,16 Januari 2017,https://medankota.bps.go.id/id/statistics-table?subject=559#row-1,2025-08-26T13:15:42.914398
Statistik Ekonomi,559,"Pertambangan, Manufaktur, Konstruksi",https://medankota.bps.go.id/id/statistics-table?subject=559,2,Nilai Output Industri Besar Sedang Kota Medan Dirinci Menurut Kecamatan 2010 – 2015 (juta rupiah),16 Januari 2017,https://medankota.bps.go.id/id/statistics-table?subject=559#row-2,2025-08-26T13:15:42.984333
Statistik Ekonomi,560,Transportasi,https://medankota.bps.go.id/id/statistics-table?subject=560,1,Jumlah Penerbangan Internasional Dan Domestik Melalui Pelabuhan Udara Polonia/Kuala Namu Tahun 2010 - 2015,18 Januari 2017,https://medankota.bps.go.id/id/statistics-table?subject=560#row-1,2025-08-26T13:15:53.405573
Statistik Ekonomi,560,Transportasi,https://medankota.bps.go.id/id/statistics-table?subject=560,2,Jumlah Penumpang Dan Barang Yang Diangkut Kereta api Melalui Stasiun Medan Tahun 2010 – 2015,18 Januari 2017,https://medankota.bps.go.id/id/statistics-table?subject=560#row-2,2025-08-26T13:15:53.549092
Statistik Ekonomi,560,Transportasi,https://medankota.bps.go.id/id/statistics-table?subject=560,3,Jumlah Penumpang Internasional Dan Domestik Melaui Pelabuhan Udara Polonia/Kuala Namu Tahun 2010 – 2015,18 Januari 2017,https://medankota.bps.go.id/id/statistics-table?subject=560#row-3,2025-08-26T13:15:53.588549
Statistik Ekonomi,560,Transportasi,https://medankota.bps.go.id/id/statistics-table?subject=560,4,Number of International And Domestic Passengers Via Polonia/Kuala Namu Airport 2010 - 2015,18 Januari 2017,https://medankota.bps.go.id/id/statistics-table?subject=560#row-4,2025-08-26T13:15:53.731904
Statistik Ekonomi,560,Transportasi,https://medankota.bps.go.id/id/statistics-table?subject=560,5,Panjang Jalan Dirinci Menurut Kondisi Jalan Dan Penanggungjawab Tahun 2010 – 2015,18 Januari 2017,https://medankota.bps.go.id/id/statistics-table?subject=560#row-5,2025-08-26T13:15:53.898687
Statistik Ekonomi,560,Transportasi,https://medankota.bps.go.id/id/statistics-table?subject=560,6,"Panjang Jalan Menurut Kecamatan dan Jenis Permukaan Jalan di Kota Medan (km), 2015",18 Januari 2017,https://medankota.bps.go.id/id/statistics-table?subject=560#row-6,2025-08-26T13:15:54.079454
Statistik Ekonomi,560,Transportasi,https://medankota.bps.go.id/id/statistics-table?subject=560,7,"Panjang Jalan Menurut Kecamatan dan Pemerintahan yang Berwenang Mengelolanya di Kota Medan (km), 2015",18 Januari 2017,https://medankota.bps.go.id/id/statistics-table?subject=560#row-7,2025-08-26T13:15:54.239392
Statistik Ekonomi,560,Transportasi,https://medankota.bps.go.id/id/statistics-table?subject=560,8,"Bongkar Muat di Pelabuhan Domestik Belawan (Ton), 2014 - 2018",-,https://medankota.bps.go.id/id/statistics-table?subject=560#row-8,2025-08-26T13:15:54.399126
Statistik Ekonomi,560,Transportasi,https://medankota.bps.go.id/id/statistics-table?subject=560,9,"Penumpang Naik Pelabuhan Domestik belawan (Jiwa), 2014 - 2018",-,https://medankota.bps.go.id/id/statistics-table?subject=560#row-9,2025-08-26T13:15:54.458479
Statistik Ekonomi,561,Pariwisata,https://medankota.bps.go.id/id/statistics-table?subject=561,1,Banyaknya Pengunjung Obyek Wisata Dan Nilai Karcis Yang Terjual Tahun 2015,13 November 2019,https://medankota.bps.go.id/id/statistics-table?subject=561#row-1,2025-08-26T13:16:04.740469
Statistik Ekonomi,561,Pariwisata,https://medankota.bps.go.id/id/statistics-table?subject=561,2,"Jumlah Hotel dan Akomodasi Lainnya Menurut Klasifikasi di Kota Medan, 2011‒2015",16 Januari 2018,https://medankota.bps.go.id/id/statistics-table?subject=561#row-2,2025-08-26T13:16:04.908023
Statistik Ekonomi,561,Pariwisata,https://medankota.bps.go.id/id/statistics-table?subject=561,3,Banyaknya Wisatawan Mancanegara Datang Ke Medan Melalui Bandara Polonia Medan Tahun 2011– 2015,18 Januari 2017,https://medankota.bps.go.id/id/statistics-table?subject=561#row-3,2025-08-26T13:16:05.042377
Statistik Ekonomi,561,Pariwisata,https://medankota.bps.go.id/id/statistics-table?subject=561,4,Jumlah Wisatawan Mancanegara Yang Datang Menurut Kebangsaan Dan Pintu Masuk Tahun 2015,18 Januari 2017,https://medankota.bps.go.id/id/statistics-table?subject=561#row-4,2025-08-26T13:16:05.176551
Statistik Ekonomi,561,Pariwisata,https://medankota.bps.go.id/id/statistics-table?subject=561,5,Sarana Pariwisata Dirinci Menurut Jenisnya Dan Kecamatan Tahun 2015,18 Januari 2017,https://medankota.bps.go.id/id/statistics-table?subject=561#row-5,2025-08-26T13:16:05.239910
Statistik Ekonomi,561,Pariwisata,https://medankota.bps.go.id/id/statistics-table?subject=561,6,Tempat Hiburan Berijin Dirinci Menurut Jenisnya Dan Kecamatan Tahun 2010-2015,18 Januari 2017,https://medankota.bps.go.id/id/statistics-table?subject=561#row-6,2025-08-26T13:16:05.508350
Statistik Ekonomi,561,Pariwisata,https://medankota.bps.go.id/id/statistics-table?subject=561,7,"Rata-rata Lama Menginap Tamu Asing dan Tamu Domestik Menurut Bulan di Kota Medan (hari), 2015",17 Januari 2017,https://medankota.bps.go.id/id/statistics-table?subject=561#row-7,2025-08-26T13:16:05.675407
Statistik Ekonomi,561,Pariwisata,https://medankota.bps.go.id/id/statistics-table?subject=561,8,Rata-Rata Lama Menginap Tamu (Mancanegara+Nusantara) Pada Hotel/Akomodasi Lainnya Menurut Tahun dan Kelas Hotel Tahun 2010 – 2015,17 Januari 2017,https://medankota.bps.go.id/id/statistics-table?subject=561#row-8,2025-08-26T13:16:05.881119
Statistik Ekonomi,561,Pariwisata,https://medankota.bps.go.id/id/statistics-table?subject=561,9,Rata-Rata Lama Menginap Tamu Mancanegara Pada HotelAkomodasi Lainnya Menurut Tahun dan Kelas HotelAkomodasi Lainnya Tahun 2010 – 2015,17 Januari 2017,https://medankota.bps.go.id/id/statistics-table?subject=561#row-9,2025-08-26T13:16:06.052253
Statistik Ekonomi,561,Pariwisata,https://medankota.bps.go.id/id/statistics-table?subject=561,10,Rata-rata Lama Menginap Tamu Nusantara Pada Hotel Akomodasi Lainnya Menurut Tahun dan Kelas Hotel/Akomodasi Lainnya 2010-2015 (Hari),17 Januari 2017,https://medankota.bps.go.id/id/statistics-table?subject=561#row-10,2025-08-26T13:16:06.135072
Statistik Ekonomi,561,Pariwisata,https://medankota.bps.go.id/id/statistics-table?subject=561,11,"Jumlah Hotel dan Akomodasi Lainnya (Unit), 2010 - 2016",-,https://medankota.bps.go.id/id/statistics-table?subject=561#row-11,2025-08-26T13:16:06.302214
Statistik Ekonomi,561,Pariwisata,https://medankota.bps.go.id/id/statistics-table?subject=561,12,"Persentase Tamu Asing dan Domestik Menurut Jenis Akomodasi (Persen), 2008",-,https://medankota.bps.go.id/id/statistics-table?subject=561#row-12,2025-08-26T13:16:06.419935
Statistik Ekonomi,561,Pariwisata,https://medankota.bps.go.id/id/statistics-table?subject=561,13,"Persentase tamu hotel (Persen), 2015",-,https://medankota.bps.go.id/id/statistics-table?subject=561#row-13,2025-08-26T13:16:06.473446
Statistik Ekonomi,561,Pariwisata,https://medankota.bps.go.id/id/statistics-table?subject=561,14,"Rata-Rata Lama Menginap Tamu Asing dan Domestik Menurut Jenis Akomodasi (Hari), 2007 - 2016",-,https://medankota.bps.go.id/id/statistics-table?subject=561#row-14,2025-08-26T13:16:06.604387
Statistik Ekonomi,561,Pariwisata,https://medankota.bps.go.id/id/statistics-table?subject=561,15,"Rata-rata Lama Menginap Tamu Asing dan Tamu Domestik (Hari), 2015 - 2016",-,https://medankota.bps.go.id/id/statistics-table?subject=561#row-15,2025-08-26T13:16:06.652438
Statistik Ekonomi,562,"Perbankan, Asuransi dan Finansial",https://medankota.bps.go.id/id/statistics-table?subject=562,1,Dana Masyarakat Di Kota Medan (Dalam Rp.000.000) Tahun 2018,15 Desember 2019,https://medankota.bps.go.id/id/statistics-table?subject=562#row-1,2025-08-26T13:16:16.058025
Statistik Ekonomi,562,"Perbankan, Asuransi dan Finansial",https://medankota.bps.go.id/id/statistics-table?subject=562,2,Dana Masyarakat Di Kota Medan (Dalam Rp.000.000) Tahun 2015,18 Januari 2017,https://medankota.bps.go.id/id/statistics-table?subject=562#row-2,2025-08-26T13:16:16.104783
Statistik Lingkungan Hidup dan Multi-domain,539,Lingkungan,https://medankota.bps.go.id/id/statistics-table?subject=539,1,"Jumlah Desa1/Kelurahan Menurut Kecamatan dan Letak Geografi di Kota Medan, 2024",7 Februari 2025,https://medankota.bps.go.id/id/statistics-table?subject=539#row-1,2025-08-26T13:16:25.290546
Statistik Lingkungan Hidup dan Multi-domain,539,Lingkungan,https://medankota.bps.go.id/id/statistics-table?subject=539,2,"Jumlah Desa1,2/Kelurahan Menurut Kecamatan dan Topografi Wilayah di Kota Medan, 2024",6 Februari 2025,https://medankota.bps.go.id/id/statistics-table?subject=539#row-2,2025-08-26T13:16:25.426021
Statistik Lingkungan Hidup dan Multi-domain,539,Lingkungan,https://medankota.bps.go.id/id/statistics-table?subject=539,3,"Jumlah Hari Hujan Bulanan Diukur dari Beberapa Stasiun Meteorologi di Kota Medan (Hari), 2013 - 2021",10 Januari 2023,https://medankota.bps.go.id/id/statistics-table?subject=539#row-3,2025-08-26T13:16:25.478537
Statistik Lingkungan Hidup dan Multi-domain,539,Lingkungan,https://medankota.bps.go.id/id/statistics-table?subject=539,4,Banyaknya Hari Hujan dan Curah Hujan di Kota Medan 2018,15 November 2019,https://medankota.bps.go.id/id/statistics-table?subject=539#row-4,2025-08-26T13:16:25.525649
Statistik Lingkungan Hidup dan Multi-domain,539,Lingkungan,https://medankota.bps.go.id/id/statistics-table?subject=539,5,"Rata-rata Suhu dan Kelembaban Udara Menurut Bulan di Kota Medan, 2018",15 November 2019,https://medankota.bps.go.id/id/statistics-table?subject=539#row-5,2025-08-26T13:16:25.655386
Statistik Lingkungan Hidup dan Multi-domain,539,Lingkungan,https://medankota.bps.go.id/id/statistics-table?subject=539,6,"Rata-Rata Tekanan Udara, Kecepatan Angin dan Penyinaran Matahari Menurut Bulan di Kota Medan, 2018",15 November 2019,https://medankota.bps.go.id/id/statistics-table?subject=539#row-6,2025-08-26T13:16:25.810086
Statistik Lingkungan Hidup dan Multi-domain,539,Lingkungan,https://medankota.bps.go.id/id/statistics-table?subject=539,7,Banyaknya Hari Hujan dan Curah Hujan di Kota Medan 2015,13 November 2019,https://medankota.bps.go.id/id/statistics-table?subject=539#row-7,2025-08-26T13:16:25.961586
Statistik Lingkungan Hidup dan Multi-domain,539,Lingkungan,https://medankota.bps.go.id/id/statistics-table?subject=539,8,"Banyaknya Hari Hujan dan Curah Hujan menurut Stasiun, 2000-2013",13 November 2019,https://medankota.bps.go.id/id/statistics-table?subject=539#row-8,2025-08-26T13:16:26.114557
Statistik Lingkungan Hidup dan Multi-domain,539,Lingkungan,https://medankota.bps.go.id/id/statistics-table?subject=539,9,"Jumlah Curah Hujan dan Hari Hujan Menurut Bulan di Kota Medan, 2015",16 Januari 2017,https://medankota.bps.go.id/id/statistics-table?subject=539#row-9,2025-08-26T13:16:26.288802
Statistik Lingkungan Hidup dan Multi-domain,539,Lingkungan,https://medankota.bps.go.id/id/statistics-table?subject=539,10,Luas Wilayah Kota Medan Menurut Kecamatan Tahun 2015,16 Januari 2017,https://medankota.bps.go.id/id/statistics-table?subject=539#row-10,2025-08-26T13:16:26.465527
Statistik Lingkungan Hidup dan Multi-domain,539,Lingkungan,https://medankota.bps.go.id/id/statistics-table?subject=539,11,Rata-rata Kelembaban Udara Menurut Jam dan Stasiun di Kota Medan 2015,16 Januari 2017,https://medankota.bps.go.id/id/statistics-table?subject=539#row-11,2025-08-26T13:16:26.591932
Statistik Lingkungan Hidup dan Multi-domain,539,Lingkungan,https://medankota.bps.go.id/id/statistics-table?subject=539,12,"Rata-rata Suhu dan Kelembaban Udara Menurut Bulan di Kota Medan, 2015",16 Januari 2017,https://medankota.bps.go.id/id/statistics-table?subject=539#row-12,2025-08-26T13:16:26.641746
Statistik Lingkungan Hidup dan Multi-domain,539,Lingkungan,https://medankota.bps.go.id/id/statistics-table?subject=539,13,"Rata-Rata Tekanan Udara, Kecepatan Angin dan Penyinaran Matahari Menurut Bulan di Kota Medan, 2015",16 Januari 2017,https://medankota.bps.go.id/id/statistics-table?subject=539#row-13,2025-08-26T13:16:26.791177
Statistik Lingkungan Hidup dan Multi-domain,539,Lingkungan,https://medankota.bps.go.id/id/statistics-table?subject=539,14,"Rata-Rata dan Lamanya Penyinaran Matahari Menurut Stasiun, 2000-2013",27 Juli 2015,https://medankota.bps.go.id/id/statistics-table?subject=539#row-14,2025-08-26T13:16:26.836888
Statistik Lingkungan Hidup dan Multi-domain,539,Lingkungan,https://medankota.bps.go.id/id/statistics-table?subject=539,15,"Rata-Rata Kelembaban Udara Menurut Jam dan Stasiun, 2000-2013",27 Juli 2015,https://medankota.bps.go.id/id/statistics-table?subject=539#row-15,2025-08-26T13:16:26.880625
Statistik Lingkungan Hidup dan Multi-domain,539,Lingkungan,https://medankota.bps.go.id/id/statistics-table?subject=539,16,"Curah Hujan Bulanan Diukur dari Beberapa Stasiun Meteorologi di Kota Medan (mm), 2013 - 2019",-,https://medankota.bps.go.id/id/statistics-table?subject=539#row-16,2025-08-26T13:16:26.920885
Statistik Lingkungan Hidup dan Multi-domain,539,Lingkungan,https://medankota.bps.go.id/id/statistics-table?subject=539,17,"Lamanya Penyinaran Bulanan Menurut Stasiun Meteorologi di Kota Medan (Jam), 2013",-,https://medankota.bps.go.id/id/statistics-table?subject=539#row-17,2025-08-26T13:16:26.960396
Statistik Lingkungan Hidup dan Multi-domain,539,Lingkungan,https://medankota.bps.go.id/id/statistics-table?subject=539,18,"Rata-rata Kelembaban Udara Menurut Jam dan Stasiun Meteorologi di Kota Medan (Persen), 2013",-,https://medankota.bps.go.id/id/statistics-table?subject=539#row-18,2025-08-26T13:16:26.998578
Statistik Lingkungan Hidup dan Multi-domain,540,Statistik Regional dan Statistik Area Kecil,https://medankota.bps.go.id/id/statistics-table?subject=540,1,"Jumlah Desa1/Kelurahan Menurut Kecamatan di Kota Medan, 2014 - 2024",26 Februari 2025,https://medankota.bps.go.id/id/statistics-table?subject=540#row-1,2025-08-26T13:16:36.282056
Statistik Lingkungan Hidup dan Multi-domain,540,Statistik Regional dan Statistik Area Kecil,https://medankota.bps.go.id/id/statistics-table?subject=540,2,"Jumlah Desa/Kelurahan yang Mengalami Bencana Alam Menurut Kecamatan di Kota Medan, 2011 - 2024",7 Februari 2025,https://medankota.bps.go.id/id/statistics-table?subject=540#row-2,2025-08-26T13:16:36.425368
Statistik Lingkungan Hidup dan Multi-domain,540,Statistik Regional dan Statistik Area Kecil,https://medankota.bps.go.id/id/statistics-table?subject=540,3,"Indeks Implisit Produk Domestik Regional Bruto Menurut Pengeluaran , 2010 - 2022",8 Oktober 2023,https://medankota.bps.go.id/id/statistics-table?subject=540#row-3,2025-08-26T13:16:36.469611
Statistik Lingkungan Hidup dan Multi-domain,540,Statistik Regional dan Statistik Area Kecil,https://medankota.bps.go.id/id/statistics-table?subject=540,4,"Luas Daerah dan Jumlah Pulau Menurut Kecamatan di Kota Medan, 2018",9 September 2019,https://medankota.bps.go.id/id/statistics-table?subject=540#row-4,2025-08-26T13:16:36.510969
Statistik Lingkungan Hidup dan Multi-domain,540,Statistik Regional dan Statistik Area Kecil,https://medankota.bps.go.id/id/statistics-table?subject=540,5,Luas Wilayah (km2),-,https://medankota.bps.go.id/id/statistics-table?subject=540#row-5,2025-08-26T13:16:36.659038
Statistik Lingkungan Hidup dan Multi-domain,563,"Kondisi Tempat Tinggal, Kemiskinan, dan Permasalahan Sosial Lintas Sektor",https://medankota.bps.go.id/id/statistics-table?subject=563,1,"Gini Ratio , 2000 - 2024",9 Juli 2025,https://medankota.bps.go.id/id/statistics-table?subject=563#row-1,2025-08-26T13:17:05.777823
Statistik Lingkungan Hidup dan Multi-domain,563,"Kondisi Tempat Tinggal, Kemiskinan, dan Permasalahan Sosial Lintas Sektor",https://medankota.bps.go.id/id/statistics-table?subject=563,2,"Persentase Penduduk Miskin (P0) (Persen) (Persen), 1993 - 2023",5 Maret 2024,https://medankota.bps.go.id/id/statistics-table?subject=563#row-2,2025-08-26T13:17:06.113619
Statistik Lingkungan Hidup dan Multi-domain,563,"Kondisi Tempat Tinggal, Kemiskinan, dan Permasalahan Sosial Lintas Sektor",https://medankota.bps.go.id/id/statistics-table?subject=563,3,"[Metode Baru] Indeks Pembangunan Manusia, 2010 - 2022",4 Juli 2023,https://medankota.bps.go.id/id/statistics-table?subject=563#row-3,2025-08-26T13:17:06.441417
Statistik Lingkungan Hidup dan Multi-domain,563,"Kondisi Tempat Tinggal, Kemiskinan, dan Permasalahan Sosial Lintas Sektor",https://medankota.bps.go.id/id/statistics-table?subject=563,4,Jumlah Fakir Miskin Kota Medan Menurut Kecamatan 2018,14 November 2019,https://medankota.bps.go.id/id/statistics-table?subject=563#row-4,2025-08-26T13:17:06.618595
Statistik Lingkungan Hidup dan Multi-domain,563,"Kondisi Tempat Tinggal, Kemiskinan, dan Permasalahan Sosial Lintas Sektor",https://medankota.bps.go.id/id/statistics-table?subject=563,5,"Indeks Pembangunan Manusia (IPM) menurut Kabupaten/Kota di Provinsi Sumatera Utara, 2011-2015",18 Januari 2017,https://medankota.bps.go.id/id/statistics-table?subject=563#row-5,2025-08-26T13:17:06.779488
Statistik Lingkungan Hidup dan Multi-domain,563,"Kondisi Tempat Tinggal, Kemiskinan, dan Permasalahan Sosial Lintas Sektor",https://medankota.bps.go.id/id/statistics-table?subject=563,6,"Jumlah Penduduk Miskin Menurut Kabupaten/Kota di Provinsi Sumatera Utara (ribu), 2012‒2014",18 Januari 2017,https://medankota.bps.go.id/id/statistics-table?subject=563#row-6,2025-08-26T13:17:07.009888
Statistik Lingkungan Hidup dan Multi-domain,563,"Kondisi Tempat Tinggal, Kemiskinan, dan Permasalahan Sosial Lintas Sektor",https://medankota.bps.go.id/id/statistics-table?subject=563,7,"Jumlah Penduduk Miskin Menurut Kabupaten/Kota di Provinsi Sumatera Utara (ribu), 2012‒2014",18 Januari 2017,https://medankota.bps.go.id/id/statistics-table?subject=563#row-7,2025-08-26T13:17:07.071093
Statistik Lingkungan Hidup dan Multi-domain,564,Gender dan Kelompok Populasi Khusus,https://medankota.bps.go.id/id/statistics-table?subject=564,1,"Indeks Pemberdayaan Gender (IDG), 2010 - 2024",7 Juli 2025,https://medankota.bps.go.id/id/statistics-table?subject=564#row-1,2025-08-26T13:17:16.194681
Statistik Lingkungan Hidup dan Multi-domain,564,Gender dan Kelompok Populasi Khusus,https://medankota.bps.go.id/id/statistics-table?subject=564,2,"Indeks Pembangunan Gender (menggunakan UHH hasil SP2020 LF), 2020 - 2024",7 Juli 2025,https://medankota.bps.go.id/id/statistics-table?subject=564#row-2,2025-08-26T13:17:16.353971
Statistik Lingkungan Hidup dan Multi-domain,564,Gender dan Kelompok Populasi Khusus,https://medankota.bps.go.id/id/statistics-table?subject=564,3,"Indeks Pembangunan Gender Kota Medan, 2010 - 2024",7 Juli 2025,https://medankota.bps.go.id/id/statistics-table?subject=564#row-3,2025-08-26T13:17:16.492389
Statistik Lingkungan Hidup dan Multi-domain,564,Gender dan Kelompok Populasi Khusus,https://medankota.bps.go.id/id/statistics-table?subject=564,4,"Indeks Ketimpangan Gender (IKG) Kota Medan, 2018 - 2024",7 Juli 2025,https://medankota.bps.go.id/id/statistics-table?subject=564#row-4,2025-08-26T13:17:16.638141
Statistik Lingkungan Hidup dan Multi-domain,564,Gender dan Kelompok Populasi Khusus,https://medankota.bps.go.id/id/statistics-table?subject=564,5,"[Metode Baru] Pengeluaran Perkapita Disesuaikan (Ribu Rupiah), 2010 - 2023",5 Maret 2024,https://medankota.bps.go.id/id/statistics-table?subject=564#row-5,2025-08-26T13:17:16.704943
Statistik Lingkungan Hidup dan Multi-domain,564,Gender dan Kelompok Populasi Khusus,https://medankota.bps.go.id/id/statistics-table?subject=564,6,"Angka Harapan Hidup (Tahun), 1996 - 2022",4 Juli 2023,https://medankota.bps.go.id/id/statistics-table?subject=564#row-6,2025-08-26T13:17:17.010323
Statistik Lingkungan Hidup dan Multi-domain,564,Gender dan Kelompok Populasi Khusus,https://medankota.bps.go.id/id/statistics-table?subject=564,7,"Indeks Pembangunan Manusia, 1990 - 2022",4 Juli 2023,https://medankota.bps.go.id/id/statistics-table?subject=564#row-7,2025-08-26T13:17:17.219142
Statistik Lingkungan Hidup dan Multi-domain,564,Gender dan Kelompok Populasi Khusus,https://medankota.bps.go.id/id/statistics-table?subject=564,8,"Indeks Pembangunan Manusia Kabupaten/Kota Se Sumatera Utara, 2005 - 2012",16 Januari 2018,https://medankota.bps.go.id/id/statistics-table?subject=564#row-8,2025-08-26T13:17:17.531218
Statistik Lingkungan Hidup dan Multi-domain,564,Gender dan Kelompok Populasi Khusus,https://medankota.bps.go.id/id/statistics-table?subject=564,9,"Komponen Indeks Pembangunan Manusia (IPM) Menurut Kabupaten/Kota di Provinsi Sumatera Utara, 2015",18 Januari 2017,https://medankota.bps.go.id/id/statistics-table?subject=564#row-9,2025-08-26T13:17:17.698816
Statistik Lingkungan Hidup dan Multi-domain,564,Gender dan Kelompok Populasi Khusus,https://medankota.bps.go.id/id/statistics-table?subject=564,10,"Angka Melek Huruf (Persen), 1990 - 2018",-,https://medankota.bps.go.id/id/statistics-table?subject=564#row-10,2025-08-26T13:17:17.743497
Statistik Lingkungan Hidup dan Multi-domain,564,Gender dan Kelompok Populasi Khusus,https://medankota.bps.go.id/id/statistics-table?subject=564,11,"[Metode Baru] Peringkat Indeks Pembangunan Manusia, 2010 - 2014",-,https://medankota.bps.go.id/id/statistics-table?subject=564#row-11,2025-08-26T13:17:17.899374
Statistik Lingkungan Hidup dan Multi-domain,565,Masyarakat Informasi,https://medankota.bps.go.id/id/statistics-table?subject=565,1,"Jumlah Desa/Kelurahan yang Memiliki Kantor Pos Menurut Kecamatan di Kota Medan, 2020 - 2024",7 Februari 2025,https://medankota.bps.go.id/id/statistics-table?subject=565#row-1,2025-08-26T13:17:27.483144
Statistik Lingkungan Hidup dan Multi-domain,565,Masyarakat Informasi,https://medankota.bps.go.id/id/statistics-table?subject=565,2,"Jumlah Pengurusan Sertifikat Tanah Menurut Jenisnya, 1985 - 2020",10 Januari 2023,https://medankota.bps.go.id/id/statistics-table?subject=565#row-2,2025-08-26T13:17:27.533112
Statistik Lingkungan Hidup dan Multi-domain,565,Masyarakat Informasi,https://medankota.bps.go.id/id/statistics-table?subject=565,3,"Realisasi Pembuatan Sertifikat Tanah Menurut Jenis Hak Tanah, 1985 - 2020",10 Januari 2023,https://medankota.bps.go.id/id/statistics-table?subject=565#row-3,2025-08-26T13:17:27.667640
Statistik Lingkungan Hidup dan Multi-domain,565,Masyarakat Informasi,https://medankota.bps.go.id/id/statistics-table?subject=565,4,Jumlah Pengiriman dan Penerimaan Surat Menurut Jenis Dalam Negeri Menurut Kantor Pos di Medan Tahun 2015,18 Januari 2017,https://medankota.bps.go.id/id/statistics-table?subject=565#row-4,2025-08-26T13:17:27.717925
Statistik Lingkungan Hidup dan Multi-domain,565,Masyarakat Informasi,https://medankota.bps.go.id/id/statistics-table?subject=565,5,Jumlah Pengiriman dan Penerimaan Surat Tercatat/Terdaftar Luar Negeri Pada Kantor Pos II Medan Menurut Kantor Pos Tahun 2015,18 Januari 2017,https://medankota.bps.go.id/id/statistics-table?subject=565#row-5,2025-08-26T13:17:27.763136
Statistik Lingkungan Hidup dan Multi-domain,565,Masyarakat Informasi,https://medankota.bps.go.id/id/statistics-table?subject=565,6,Jumlah Sambungan Telepon dan Sambungan Speedy di Kota Medan 2011-2015,18 Januari 2017,https://medankota.bps.go.id/id/statistics-table?subject=565#row-6,2025-08-26T13:17:27.805140
Statistik Lingkungan Hidup dan Multi-domain,565,Masyarakat Informasi,https://medankota.bps.go.id/id/statistics-table?subject=565,7,Jenis Surat Tanah,-,https://medankota.bps.go.id/id/statistics-table?subject=565#row-7,2025-08-26T13:17:27.843816
Statistik Lingkungan Hidup dan Multi-domain,565,Masyarakat Informasi,https://medankota.bps.go.id/id/statistics-table?subject=565,8,Jenis Surat Tanah,-,https://medankota.bps.go.id/id/statistics-table?subject=565#row-8,2025-08-26T13:17:27.882605
